{"cameraMode":{"drawMode":0,"name":"Shaded","section":"Shading Mode"},"sceneLighting":false,"audioPlay":false,"sceneViewState":{"showFog":true,"showMaterialUpdate":false,"showSkybox":true,"showFlares":true,"showImageEffects":true,"showParticleSystems":true},"in2DMode":false,"pivot":{"x":-125.27423095703125,"y":-128.90586853027345,"z":59.832069396972659},"rotation":{"x":0.2661570906639099,"y":-0.07797829806804657,"z":0.021607453003525735,"w":0.9605274200439453},"size":39.08292007446289,"orthographic":false}